{
  "xgboost": {
    "r2": 0.8641740934091156,
    "mae": 0.0802944910919905
  },
  "mlp": {
    "r2": 0.9152711694096504,
    "mae": 0.06257616663365083
  },
  "speedup": {
    "tracking_seconds_per_config": 0.46546925279999984,
    "surrogate_seconds_per_config": 9.48423487499781e-06,
    "speedup_factor": 49078.20809320766
  }
}